yH098.ITSwhole_oH2593_P1	ref|NR_077073.1|	97.143	83	0.0	1094	Nakaseomyces nivariensis CBS 9983 ITS region; from TYPE material	1	661	684	23	GCCAGCAAGACTTTCACAGCAGAAGCCCTTCCCACCAGAATGTAAC--GCCCTGCAACAGAGACCGTCGAAGTTGGTAAAACCTAATACGACTTTCTCATTGCAAAACTTCCAATGAAAAAAA-CAGCCCACCATGCACGTCCGCATAAAATGGCCAACAATTTCAAGCTAACTCCTGCAGAGTATCACTCACCACCAAACGAGACGTTTGAGAAGGAAATGACGCTCAAACAGGCATGCCCCCCGGAATACCAGAGGGCGCAATGTGCGTTCAAAGATTCGATGATTCACGGAATTCTGCAATTCACATTACGTATCGCATTTCGCTGCGTTCTTCATCGATGCGAGAACCAAGAGATCCATTGTTGAAAGTTTTGAAGTTATTTCTCAACAGAGAATTTGGTTTTGACAAAGTAGAATATAAAATAATTGTTTGTGTTTGCTTCTCCCGGGACGCCCAAAAAGAGCAGTCCCAAAGAAAACAAGAACAATAAAGTAAGATTACTCCACTGTGTGTAAAGTTGAAAGATACAAACTCGCCCCTTTGAATTAGCTAGCTCCAG-AAAAGCACCGCCCCCGCCGCGCACTTAAGCGCAGGCAGCCGCAGCACCCCCCGAAACTAACCAGGATGAGCTCGCTCCAACAAATATATTCTTTAATGATC	GCCAGCATGACTT-CACAGCAGA-GCCCTTCC-ACCAGAATTTAAAATGCCCTGCAACAGAGACCGTCGAAGTTGGTAAAACCTAATACGACTTTCTCATTGCAAAACTTCCAATGAAAAAAAACAGCCCACCATGCACGTCCGCATAAAATGGCCAACAATTTCAAGCTAACTCCAGCAGAGTATCACTCACCACCAAACGAGACGTTTGAGAAGGAAATGACGCTCAAACAGGCATGCCCCCCGGAATACCAGAGGGCGCAATGTGCGTTCAAAGATTCGATGATTCACGGAATTCTGCAATTCACATTACGTATCGCATTTCGCTGCGTTCTTCATCGATGCGAGAACCAAGAGATCCATTGTTGAAAGTTTTGAAGTTATTTCTCAACAGAGAATTTGGTTTTGACAAAGTAGAATATAAAATAATTGTTTGTGTTTGCTTCTCCCGGGACGCCCAAAAAGAGCTGTCCCAAAGAAAATAAGAACAATAAAGTAAGATTACTCCACTGTGTGTAAAGTTGAAAGATACAAACTCCTCCCTTTGAATTAGCTAGCTTCAGAAAAAGCACCGCCTCCGCCGCGCACTTAAGCGCAGGCAGCTGCAGCACCCCCCGAAACTAACCAGGATGAGCTCGCTCCAACAAATATTTTCTTTAATGATC
yH098.ITSwhole_oH2593_P1	ref|NR_155460.1|	96.078	83	0.0	1062	Nakaseomyces kungkrabaensis CBS 10927 ITS region; from TYPE material	1	661	662	4	GCCAGCAAGACTTTCACAGCAGAAGCCCTTCCCACCAGAATGTAAC-GCCCTGCAACAGAGACCGTCGAAGTTGGTAAAACCTAATACGACTTTCTCATTGCAAAACTTCCAATGAAAAAAACAGCCCACCATGCACGTCCGCATAAAATGGCCAACAATTTCAAGCTAACTCCTGCAGAGTATCACTCACCACCAAACGAGACGTTTGAGAAGGAAATGACGCTCAAACAGGCATGCCCCCCGGAATACCAGAGGGCGCAATGTGCGTTCAAAGATTCGATGATTCACGGAATTCTGCAATTCACATTACGTATCGCATTTCGCTGCGTTCTTCATCGATGCGAGAACCAAGAGATCCATTGTTGAAAGTTTTGAAGTTATTTCTCAACAGAGAATTTGGTTTTGACAAAGTA-GAATATAAAATAATTGTTTGTGTTTGCTTCTCCCGGGACGCCCAAAAAGAGCAGTCCCAAAGAAAACAAGAACAATAAAGTAAGATTACTCCACTGTGTGTAAAGTTGAAAGATACAAACTCGCCCCTTTGAATTAGCTAGCTCCAGAAAAGCACCGCCCCCGCCGCGCACTTAAGCGCAGGCAGCCGCAGCACCCCCCGAAACTAACCAGGATGAGCTCGCTCCAACAAATATATTCTTTAATGATC	GCCAGCATGACTT-CACAGCAGAG--CCTTTCCACCAGAATTTAAATGCCCTGCAACAGAGACCGTCGAAGTTGGTAAAACCTAATACGACTTTCTCATTGCAAAACTTCCAATGAAAAAAACAGCCCACCATGCTCGTCCGCATAAAATGGCCAACAATTTCAAGCTAACTCCAGCAGAGTATCACTCACCACCAAACGAGACGTTTGAGAAGGAAATGACGCTCAAACAGGCATGCCCCCCGGAATACCAGAGGGCGCAATGTGCGTTCAAAGATTCGATGATTCACGGAATTCTGCAATTCACATTACGTATCGCATTTCGCTGCGTTCTTCATCGATGCGAGAACCAAGAGATCCATTGTTGAAAGTTTTGAAGTTATTTCTCAACAGAGAATTTGGTTTTGACAATGTATAAATATAAAATAATTGTTTGTGTTTGCTTCTCCCGGGACGCCC-AAATGAACAGTCCCAAAGAAAATAAGAACAATAAAGTAAGATTACTCCACTGGGTGTAAAGTTGAAAGATACAAACTCGCCCCTTTGAATTAGCTCGCTTCAGAAAAGCACCGCCTCCGCCGCGCACTTAAGCGCAGGCAGCAACAGCACCCCCCGAAACAAACCAGGATGAGCTCGCTCCAACAAATATTTTCTTTAATGATC
yH101.ITSwhole_oH2593_P1	ref|NR_130691.1|	98.185	83	0.0	1124	Nakaseomyces glabratus NRRL Y-65 ITS region; from TYPE material	3	663	652	1	TGCCCAGCACGCACAAAACACTTCACTTATCCCTTCCCTAGATCAACACCGAGTTTGGTAAAACCTAATACAGTATTAACCCCCGCCGCTCGCGCAAACGAGCAGCAGATTAATAGAGAAGCTTGCGCTCGTGTCCCACATACTGATATGGCCTACAATTTCAAGTTAACTCAAAAACGAGAGTATCACTCACTACCAAACACAACGTGTTTGAGAAGGAAATGACGCTCAAACAGGCATGCCCCCCGGAATACCAGAGGGCGCAATGTGCGTTCAAAGATTCGATGATTCACGGAATTCTGCAATTCACATTACGTATCGCATTTCGCTGCGTTCTTCATCGATGCGAGAACCAAGAGATCCATTGTTGAAAGTTTTGAAGTTGTTTTCTACTAAAAGAAATCTTGTGTTGACTGAATTAGTTAAAATAAAAAAATATTTGTTTGTGTTTGCATCCACTGGGAGAACTCCCTCCCGAAAGAGAGCTTTCCCCCAACGAACAAAAGAATAGTAGTAAAGTAAACTCCACTGTGTGTAGTAATTAGAAAGTGTCGAGTCGTGTGATAAAACACCTCCTTTGGAATAGAGAGATCCACGCACACTCCCAGGTCTTTGTCGGCTCCCTCCCCCCACTGCAGAACACCCACCAACCGCGCACTTA	TGCCCAGCACGCACAAAACACT-CACTTATCCCT-CCCTAGATCAACACCGAGTT-GGTAAAACCTAATACAGTATTAACCCCCGCCGCTCGCGCAAACGAGCAGCAGATTAATAGAGAAGCTTGCGCTCGTGTCCCACATACTGATATGGCCTACAATTTCAAGTTAACTCAAAAACGAG--TATCACTCACTACCAAACACAATGTGTTTGAGAAGGAAATGACGCTCAAACAGGCATGCCCCCCGGAATACCAGAGGGCGCAATGTGCGTTCAAAGATTCGATGATTCACGGAATTCTGCAATTCACATTACGTATCGCATTTCGCTGCGTTCTTCATCGATGCGAGAACCAAGAGATCCATTGTTGAAAGTTTTGAAGTTGTTTTCTACTAAAAGAAATCTTGTGTTGACTGAATTAGTT----TAAAAAAATATTTGTTTGTGTTTGCATCCACTGGGAGAACTCCCCCCCGAAAGAGAGCGTTCCCCCAACGAACAAAAGAATAGTAGTAAAGTAAACTCCACTGTGTGTAGTAATTAGAAAGTGTCGAGTCGTGTGATAAAACACCTCCTTTGGAATAGAGAGATCCACGCACACTCCCAGGTCTTTGTCGGCTCCCTCCCCCCACTGCAGAACACCCACCAACCGCGCACTTA
yH101.ITSwhole_oH2593_P1	ref|NR_136973.1|	85.279	49	3.50e-124	443	Nakaseomyces bracarensis CBS 10154 ITS region; from TYPE material	148	541	543	172	ATATGGCCTACAATTTCAAGTTAACTCAAAAACGAGAGTATCACTCACTACCAAACACAACGTGTTTGAGAAGGAAATGACGCTCAAACAGGCATGCCCCCCGGAATACCAGAGGGCGCAATGTGCGTTCAAAGATTCGATGATTCACGGAATTCTGCAATTCACATTACGTATCGCATTTCGCTGCGTTCTTCATCGATGCGAGAACCAAGAGATCCATTGTTGAAAGTTTTGAAGTTGTTTTCTACTAAAAGAAATCTTGTGTTGACTGAATTAGTTAAAATAAAAAAATATTTGTTTGTGTTTGCATCCACTGGGAGAACTCCCTCCCGAAAGAGAGCTTTCCCCCAACGAACAAAAGAATAGTAGTAAAGTAAACTCCACTGTGTGTAGT	ATATGGCCAACAATTTCAAGCTAACTCAATAA---GAGTATCACTCACTACCAAACACAG-GTGTTTGAGAAGGAAATGACGCTCAAACAGGCATGCCCCCTGGAATACCAGAGGGCGCAATGTGCGTTCAAAGATTCGATGATTCACGGAATTCTGCAATTCACATTACGTATCGCATTTCGCTGCGTTCTTCATCGATGCGAGAACCAAGAGATCCATTGTTGAAAGTTTTGAAGTTATTTTCTCGTAAGAGAAATTAAGTTCTGACAAAGTTTGT--AAATATAAAAATAATTGTTTGTGTTTGCTTCTCCCGGGAGA----CTTACCG-----------TCCCCCAAAGAAAAATAGAA-AGAACAATAGATTACTCCACTGTGTGTAGT
yH103.ITSwhole_oH2593_P1	ref|NR_130691.1|	100.000	81	0.0	1164	Nakaseomyces glabratus NRRL Y-65 ITS region; from TYPE material	1	645	645	1	CACGCACAAAACACTCACTTATCCCTCCCTAGATCAACACCGAGTTGGTAAAACCTAATACAGTATTAACCCCCGCCGCTCGCGCAAACGAGCAGCAGATTAATAGAGAAGCTTGCGCTCGTGTCCCACATACTGATATGGCCTACAATTTCAAGTTAACTCAAAAACGAGTATCACTCACTACCAAACACAATGTGTTTGAGAAGGAAATGACGCTCAAACAGGCATGCCCCCCGGAATACCAGAGGGCGCAATGTGCGTTCAAAGATTCGATGATTCACGGAATTCTGCAATTCACATTACGTATCGCATTTCGCTGCGTTCTTCATCGATGCGAGAACCAAGAGATCCATTGTTGAAAGTTTTGAAGTTGTTTTCTACTAAAAGAAATCTTGTGTTGACTGAATTAGTTTAAAAAAATATTTGTTTGTGTTTGCATCCACTGGGAGAACTCCCCCCCGAAAGAGAGCGTTCCCCCAACGAACAAAAGAATAGTAGTAAAGTAAACTCCACTGTGTGTAGTAATTAGAAAGTGTCGAGTCGTGTGATAAAACACCTCCTTTGGAATAGAGAGATCCACGCACACTCCCAGGTCTTTGTCGGCTCCCTCCCCCCACTGCAGAACACCCACCAACCGCGCACTTA	CACGCACAAAACACTCACTTATCCCTCCCTAGATCAACACCGAGTTGGTAAAACCTAATACAGTATTAACCCCCGCCGCTCGCGCAAACGAGCAGCAGATTAATAGAGAAGCTTGCGCTCGTGTCCCACATACTGATATGGCCTACAATTTCAAGTTAACTCAAAAACGAGTATCACTCACTACCAAACACAATGTGTTTGAGAAGGAAATGACGCTCAAACAGGCATGCCCCCCGGAATACCAGAGGGCGCAATGTGCGTTCAAAGATTCGATGATTCACGGAATTCTGCAATTCACATTACGTATCGCATTTCGCTGCGTTCTTCATCGATGCGAGAACCAAGAGATCCATTGTTGAAAGTTTTGAAGTTGTTTTCTACTAAAAGAAATCTTGTGTTGACTGAATTAGTTTAAAAAAATATTTGTTTGTGTTTGCATCCACTGGGAGAACTCCCCCCCGAAAGAGAGCGTTCCCCCAACGAACAAAAGAATAGTAGTAAAGTAAACTCCACTGTGTGTAGTAATTAGAAAGTGTCGAGTCGTGTGATAAAACACCTCCTTTGGAATAGAGAGATCCACGCACACTCCCAGGTCTTTGTCGGCTCCCTCCCCCCACTGCAGAACACCCACCAACCGCGCACTTA
yH103.ITSwhole_oH2593_P1	ref|NR_136973.1|	89.552	41	1.81e-121	434	Nakaseomyces bracarensis CBS 10154 ITS region; from TYPE material	136	466	543	211	ATATGGCCTACAATTTCAAGTTAACTCAAAAACGAGTATCACTCACTACCAAACACAATGTGTTTGAGAAGGAAATGACGCTCAAACAGGCATGCCCCCCGGAATACCAGAGGGCGCAATGTGCGTTCAAAGATTCGATGATTCACGGAATTCTGCAATTCACATTACGTATCGCATTTCGCTGCGTTCTTCATCGATGCGAGAACCAAGAGATCCATTGTTGAAAGTTTTGAAGTTGTTTTCTACTAAAAGAAATCTTGTGTTGACTGAATTAGT--TTAAAAAAATATTTGTTTGTGTTTGCATCCACTGGGAGAACTCCC--CCCCGAAAGA	ATATGGCCAACAATTTCAAGCTAACTCAATAA-GAGTATCACTCACTACCAAACACAG-GTGTTTGAGAAGGAAATGACGCTCAAACAGGCATGCCCCCTGGAATACCAGAGGGCGCAATGTGCGTTCAAAGATTCGATGATTCACGGAATTCTGCAATTCACATTACGTATCGCATTTCGCTGCGTTCTTCATCGATGCGAGAACCAAGAGATCCATTGTTGAAAGTTTTGAAGTTATTTTCTCGTAAGAGAAATTAAGTTCTGACAAAGTTTGTAAATATAAAAATAATTGTTTGTGTTTGCTTCTCCCGGGAGACTTACCGTCCCCCAAAGA
yH154.ITSwhole_oH2593_P1	ref|NR_111007.1|	98.904	91	0.0	1260	Saccharomyces cerevisiae CBS 1171 ITS region; from TYPE material	1	726	728	1	CGCTCTCTTCT-ATCGATA-CGTTTCAATACGCTCAGTATAAAAAAAGAGTAGCCGCAGTTGGTAAAACCTAAAACGACCGTACTTGCATTATACCTCAAGCACGCAGAGAAACCTCTCTTTGGAAAAAAAACATCCAATGAAAAGGCCAGCAATTTCAAGTTAACTCCAAAGAGTATCACTCACTACCAAACAGAATGTTTGAGAAGGAAATGACGCTCAAACAGGCATGCCCCCTGGAATACCAAGGGGCGCAATGTGCGTTCAAAGATTCGATGATTCACGGAATTCTGCAATTCACATTACGTATCGCATTTCGCTGCGTTCTTCATCGATGCGAGAACCAAGAGATCCGTTGTTGAAAGTTTTTAATATTTT-AAAATTTCCAGTTACGAAAATTCTTGTTTTTGACAAAAATTTAATGAATAGATAAAATTGTTTGTGTTTGTTACCTCTGGGCCCCGATTGCTCGAATGCCCAAAGAAAAAGTTGCAAAGATATGAAAACTCCACAGTGTGTTGTATTGAAACGGTTTTAATTGTCCTATAACAAAAGCACAGAAATCTCTCACCGTTTGGAATAGCAAGAAAGAAACTTACAAGCCTAGCAAGACCGCGCACTTAAGCGCAGGCCCGGCTGGACTCTCCATCTCTTGTCTTCTTGCCCAGTAAAAGCTCTCATGCTCTTGCCAAAACAAAAAAATCCATTTTCAAAATTA-TAAATTTCTTT	CGCTCTCTTCTTATCGATAACGTTCCAATACGCTCAGTATAAAAAA-GATTAGCCGCAGTTGGTAAAACCTAAAACGACCGTACTTGCATTATACCTCAAGCACGCAGAGAAACCTCTCTTTGGAAAAAAAACATCCAATGAAAAGGCCAGCAATTTCAAGTTAACTCCAAAGAGTATCACTCACTACCAAACAGAATGTTTGAGAAGGAAATGACGCTCAAACAGGCATGCCCCCTGGAATACCAAGGGG-GCAATGTGCGTTCAAAGATTCGATGATTCACGGAATTCTGCAATTCACATTACGTATCGCATTTCGCTGCGTTCTTCATCGATGCGAGAACCAAGAGATCCGTTGTTGAAAGTTTTTAATATTTTTAAAATTTCCAGTTACGAAAATTCTTGTTTTTGACAAAAATTTAATGAATAGATAAAATTGTTTGTGTTTGTTACCTCTGGGCCCCGATTGCTCGAATGCCCAAAGAAAAAGTTGCAAAGATATGAAAACTCCACAGTGTGTTGTATTGAAACGGTTTTAATTGTCCTATAACAAAAGCACAGAAATCTCTCACCGTTTGGAATAGCAAGAAAGAAACTTACAAGCCTAGCAAGACCGCGCACTTAAGCGCAGGCCCGGCTGGACTCTCCATCTCTTGTCTTCTTGCCCAGTAAAAGCTCTCATGCTCTTGCCAAAACAAAAAAATCCATTTTCAAAATTATTAAATTTCTTT
yH154.ITSwhole_oH2593_P1	ref|NR_144772.1|	98.080	91	0.0	1234	Saccharomyces cariocanus NRRL 27337 ITS region; from TYPE material	1	725	728	1	CGCTCTCTTCT-ATCGATA-CGTTTCAATACGCTCAGTATAAAAAAAGAGTAGCCGCAGTTGGTAAAACCTAAAACGACCGTACTTGCATTATACCTCAAGCACGCAGAGAAACCTCTCTTTGGAAAAAAAACATCCAATGAAAAGGCCAGCAATTTCAAGTTAACTCCAAAGAGTATCACTCACTACCAAACAGAATGTTTGAGAAGGAAATGACGCTCAAACAGGCATGCCCCCTGGAATACCAAGGGGCGCAATGTGCGTTCAAAGATTCGATGATTCACGGAATTCTGCAATTCACATTACGTATCGCATTTCGCTGCGTTCTTCATCGATGCGAGAACCAAGAGATCCGTTGTTGAAAGTTTTTAATA-TTTTAAAATTTCCAGTTACGAAAATTCTTGTTTTTGACAAAAATTTAATGAATAGATAAAATTGTTTGTGTTTGTTACCTCTGGGCCCCGATTGCTCGAATGCCCAAAGAAAAAGTTGCAAAGATATGAAAACTCCACAGTGTGTTGTATTGAAACGGTTTTAATTGTCCTATAACAAAAGCACAGAAATCTCTCACCGTTTGGAATAGCAAGAAAGAAACTTACAAGCCTAGCAAGACCGCGCACTTAAGCGCAGGCCCGGCTGGACTCTCCATCTCTTGTCTTCTTGCCCAGTAAAAGCTCTCATGCTCTTGCCAAAACAAAAAAATCCATTTTCAAAATTA-TAAATTTCTT	CGCTCTCTTCTTATCGATAACGTTCCAATACGCTCAGTACAAAAAA-GATTAGCCGCAGTTGGTAAAACCTAAAACGACCGTACTTGCATTATACCTCAAGCACGCAGAGAAACCTCTCTTTGGAAAAAAAACATCCAATGAAAAGGCCAGCAATTTCAAGTTAACTCCAAAGAGTATCACTCACTACCAAACAGAATGTTTGAGAAGGAAATGACGCTCAAACAGGCATGCCCCCTGGAATACCAAGGGGCGCAATGTGCGTTCAAAGATTCGATGATTCACGGAATTCTGCAATTCACATTACGTATCGCATTTCGCTGCGTTCTTCATCGATGCGAGAACCAAGAGATCCGTTGTTGAAAGTTTTTAATATTTTTAAAATTTCCAGTTACGAAAATTCTTGTTTTTGACAAAAATTTAATGAATAAATAAAATTGTTTGTGTTTGTTACCTCTGGGCCTCGATTGCTCGAATGCCCAAAGAAAAAGTTGCAAAGATATGAAAACTCCACAGTGTGTTGTATTGAAACGGTTTTAATTGTCCTATAACAATAGCACAGAAATCTCTCACTGTTTGGAATAGCAAGAAAGAAACTTACAAGCCAAGCAAGACCGCGCACTTAAGCGCAGGCCCGACTGGACTCTCCATCTCTTGTCTTCTTGCCCAGTAAAAGCTCTCATGCTCTTGCCAAAACAAAAAAATCCATTTTCAAAATTATTAAATTTCTT
yH743.ITSwhole_oH2593_P1	ref|NR_154958.1|	99.664	74	0.0	1058	Oligophagozyma castellii CBS 4332 ITS region; from TYPE material	1	595	621	29	GGACTCCGCGCTCCCAGCTCAGAATGCTAATTTCTGTCAGTGCCTTGCCGAAGTTGGTACAACCTAAATCGACAATTAACGGCCCTAGACAGAGAATGAACTTCCCTGGCTTTGGCTGCGCGGCCCTTAGGCCCACAATTTCAAGTTAACTCTGTGAAGAGTATCACTCACTACCAAACACTAGGTGTTTGAGAAGGAAATGACGCTCAAACAGGCATGCCTCCTGGAATACCAAAAGGCGCAATGTGCGTTCAAAGATTCGATGATTCACGGAATTCTGCAATTCACATTACGTATCGCATTTCGCTGCGTTCTTCATCGATGCGAGAACCAAGAGATCCGTTGTTGAAAGTTTTAAATATTTCTGAATTTCATAGGTTTAGACTCACTGATTTCACTATTGTTTGTGTTTGTTACCTCTGGGAAGCACAAAGTCTCCCCAAAGAAGCAAGTTGAAGAAAAACTCCACTGTGTGTATGTTTTTTCGAAAGAGTTGGTCCGAAAACCAGTCCGGCCACAAAGCCGCGCAATTAAGCGCAGGCCAGTGAGCAGACCCCCTTTCAAAAAGGTATAGATTCAATAATGATCCTTCCGC	GGACTC-GCGCTCC-AGCTCAGAATGCTAATTTCTGTCAGTGCCTTGCCGAAGTTGGTACAACCTAAATCGACAATTAACGGCCCTAGACAGAGAATGAACTTCCCTGGCTTTGGCTGCGCGGCCCTTAGGCCCACAATTTCAAGTTAACTCTGTGAAGAGTATCACTCACTACCAAACACTAGGTGTTTGAGAAGGAAATGACGCTCAAACAGGCATGCCTCCTGGAATACCAAAAGGCGCAATGTGCGTTCAAAGATTCGATGATTCACGGAATTCTGCAATTCACATTACGTATCGCATTTCGCTGCGTTCTTCATCGATGCGAGAACCAAGAGATCCGTTGTTGAAAGTTTTAAATATTTCTGAATTTCATAGGTTTAGACTCACTGATTTCACTATTGTTTGTGTTTGTTACCTCTGGGAAGCACAAAGTCTCCCCAAAGAAGCAAGTTGAAGAAAAACTCCACTGTGTGTATGTTTTTTCGAAAGAGTTGGTCCGAAAACCAGTCCGGCCACAAAGCCGCGCAATTAAGCGCAGGCCAGTGAGCAGACCCCCTTTCAAAAAGGTATAGATTCAATAATGATCCTTCCGC
yH743.ITSwhole_oH2593_P1	ref|NR_159012.1|	86.969	43	3.99e-117	420	Yueomyces sinensis CGMCC 2.1395 ITS region; from TYPE material	136	477	554	205	CAATTTCAAGTTAACTCTGTGAAGAGTATCACTCACTACCAAACACTAGGTGTTTGAGAAGGAAATGACGCTCAAACAGGCATGCCTCCTGGAATACCAAAAGGCGCAATGTGCGTTCAAAGATTCGATGATTCACGGAATTCTGCAATTCACATTACGTATCGCATTTCGCTGCGTTCTTCATCGATGCGAGAACCAAGAGATCCGTTGTTGAAAGTTTTAAA-----TATTTCTGAATTTCATAGGTTTAGACTCACTGAT------TTCACTATTGTTTGTGTTTGTTACCTCTGGGAAGCACAAAGTCTCCCCAAAGAAGCAAGTTGAAGAAAAACTCCACTGTGTGTA	CAATTTCAAGTTAACCCTGGAAAGAGTATCACTCACTACCAAACACGAG-TGTTTGAGAAGGAAATGACGCTCAAACAGGCATGCCCTTTGGAATACCAAAGGGCGCAATGTGCGTTCAAAGATTCGATGATTCACGGAATTCTGCAATTCACATTACGTATCGCATTTCGCTGCGTTCTTCATCGATGCGAGAACCAAGAGATCCGTTGTTGAAAGTTTTAAAGTTTGTATTTCATAACGAAATTGGTTT-GACAAATTAATAAAATATACAAAATTGTTTGTGTTTGTTACCTCTGGGCA-AACAAAGTTCACCCAAAGAAAAAAGTAGAATAAAAACTCCACAGTGTGTA
yH745.ITSwhole_oH2593_P1	ref|NR_138202.1|	99.454	91	0.0	1298	Cylindricascospora bacillispora NRRL Y-17846 ITS region; from TYPE material	1	731	733	1	CAGGCGTGTGCCCACCATGCGCTGCCCCATCCTACCTTCCCAAGAATCCGCAACACCGAAAGTTGGTAAAACCTAATATTCGACAATGCAGTCTCCTGGCTGTCTCCCTCGGAAAAGACCAAAGGAAACAACAGCAAGAAAAGACTTCGCTTGTATGCACTGCCTCGAGGCGACGCCAGAAAACACCTCCCGAAAGAGATGCCCCCAGCGTCGCCGGCCAGCAATTTCAAGCTAACTCAGTTGAGTGTCGCTCACAACCAAACACAGGGTGTTTGAGAAGGAAATGACGCTCAAACAGGCATGCCCCCTGGAATACCAAGGGGCGCAATGTGCGTTCAAAGATTCGATGATTCACGGAATTCTGCAATTCACATTACGTATCGCATTTCGCTGCGTTCTTCATCGATGCGAGAACCAAGAGATCCGTTGTTGAAAGTTTTGATTATTTTTTCACAGATGAATCTGCTAAGTTTGGTTGACTGTATTACAAAGTAAATAATAATTGTTTGTGTTTGTCACCTCTGGGAAGACTTGCGTCCTCCCAAAGAAGATGTTAAAGTTTAAAAAGAAAACTCCAATGTGTGTATATGTTTGTGAATTGCAAGGAATTGAAAATGGATAAGCGTACTGCGAGTGCAGAACCGCCGCGCAATTAAGCGCAGGCAGACTGCCGCTCAGCAACACTGC-AACCCTCCCTCGGCAACTAC-ATTCATATATNGAATAAATTTCTA	CAGGCGTGTGCCCACCATGCGCTGCCCCATCCTACCTTCCCAAGAATCCGCAACACCGAAAGTTGGTAAAACCTAATATTCGACAATGCAGTCTCCTGGCTGTCTCCCTCGGAAAAGACCAAAGGAAACAACAGCAAGAAAAGACTTCGCTTGTATGCACTGCCTCGAGGCGACGCCAGAAAACACCTCCCGAAAGAGATGCCCCCAGCGTCGCCGGCCAGCAATTTCAAGCTAACTCAGTTGAGTGTCGCTCACAACCAAACACAGGGTGTTTGAGAAGGAAATGACGCTCAAACAGGCATGCCCCCTGGAATACCAAGGGGCGCAATGTGCGTTCAAAGATTCGATGATTCACGGAATTCTGCAATTCACATTACGTATCGCATTTCGCTGCGTTCTTCATCGATGCGAGAACCAAGAGATCCGTTGTTGAAAGTTTTGATTATTTTTTCACAGATGAATCTGCTAAGTTTGGTTGACTGTATTACAAAGTAAATAATAATTGTTTGTGTTTGTCACCTCTGGGAAGACTTGCGTCCTCCCAAAGAAGATGTTAAAGTTTAAAAAGAAAACTCCAATGTGTGTATATGTTTGTGAATTGCAAGGAATTGAAAATGGATAAGCGTACTGCGAGTGCAGAACCGCCGCGCAATTAAGCGCAGGCAGACTGCCGCTCAGCAACACTGCAAACCCTCCCTCGGCAACTACAATTCATATATTGAATAATTTTCTA
yH745.ITSwhole_oH2593_P1	ref|NR_111006.1|	85.752	47	2.07e-114	410	Kazachstania martiniae CBS 6334 ITS region; from TYPE material	215	588	516	149	CGGCCAGCAATTTCAAGCTAACTCAGTTGAGTGTCGCTCACAACCAAACACAGGGTGTTTGAGAAGGAAATGACGCTCAAACAGGCATGCCCCCTGGAATACCAAGGGGCGCAATGTGCGTTCAAAGATTCGATGATTCACGGAATTCTGCAATTCACATTACGTATCGCATTTCGCTGCGTTCTTCATCGATGCGAGAACCAAGAGATCCGTTGTTGAAAGTTTTGATTATTTTTTCACAGATGAATCTGCTAAGTTTGG---TTGACT-GTATTACAAAGTAAATAATAATTGTTTGTGTTTGTCACCTCTGGG-AAGACTTGCGTCCTCCCAAAGAAGATGTTAAAGTTTAAAAAGAAAACTCCAATGTGTGTATA	CGGCTAACAATTTTAAGTTAACTCAAT-GAGTATCACTCACAACCAAACATAAT-TGTTTGAGAAGGAAATGACGCTCAAACAGGCATGCCCCCTGGAATACCAAGGGGCGCAATGTGCGTTCAAAGATTCGATGATTCACGGAATTCTGCAATTCACATTACGTATCGCATTTCGCTGCGTTCTTCATCGATGCGAGAACCAAGAGATCCGTTGTTGAAAGTTTTAAATATTTTT--AAATCTCAAT-TACGAAATTTGGTTATTGACTAGTATATCAAAATTA--CAAAATTGTTTGTGTTTGTCACCTTTGGGAAAGACAAGTCT-CTCCCAAAGAAGAAAGTAA---GTATGAAGAAAACTCCACAGTGTGTATA
yH746.ITSwhole_oH2593_P1	ref|NR_167682.1|	99.405	84	0.0	1185	Nakaseomyces delphensis CBS 2170 ITS region; from TYPE material	12	683	758	91	CGCCTTTCCGCAACAATTACTAGAGCTCCTCCTCTCCCCAAAGGAATTAGCATCCCACAACAAACTTAAAATCGAGTCGGTAAAACCTAATAACGATTTACTTCTCATTGCGGAACTCCCAATGAAAATTAAAACAGAGACCCACTGCGTTGTGCAACACTGGCCAACAATTTCAAGTTAACTCAACGAGTATCACTCACTACCAAACAAAAACTAACGTAGTTATTTGAGAAGGAAATGACGCTCAAACAGGCATGCCCCCTGGAATACCAGAGGGCGCAATGTGCGTTCAAAGATTCGATGATTCACGGAATTCTGCAATTCACATTACGTATCGCATTTCGCTGCGTTCTTCATCGATGCGAGAACCAAGAGATCCATTGTTGAAAGTTTTAAAGTTATATTTTTTCTCAACAAAAAGAAAAATTAGTTTTGACAATTTAATATAAAAAAGTATTGTTTGTGTATTTTGACTTTTGCCTCTTCCCAAGAGGGAAAAAGAGAAAAGAAAATAAAGTAGAAAGTAAGAATACTCCAATGTGTGTAAAAATGAATGTAGAGAAAGAAAGTCAAACAACATAGCAGACGGCCACCGCGCACTTAAGCGCAGGCAGACACCCCCACCACATCTCCCCTCTCCCAAAACACTATTTTCGTTTCTTTAATGATCCT	CGCCTT--CGCAACAAT-ACTAGAGCTC-TCCTCTCCCCAAAGGAATTAGCATCCCACAACAAACTTAAAATCGAGTCGGTAAAACCTAATAACGATTTACTTCTCATTGCGGAACTCCCAATGAAAATTAAAACAGAGACCCACTGCGTTGTGCAACACTGGCCAACAATTTCAAGTTAACTCAACGAGTATCACTCACTACCAAACAAAAACTAACGTAGTTATTTGAGAAGGAAATGACGCTCAAACAGGCATGCCCCCTGGAATACCAGAGGGCGCAATGTGCGTTCAAAGATTCGATGATTCACGGAATTCTGCAATTCACATTACGTATCGCATTTCGCTGCGTTCTTCATCGATGCGAGAACCAAGAGATCCATTGTTGAAAGTTTTAAAGTTATATTTTTTCTCAACAAAAAGAAAAATTAGTTTTGACAATTTAATATAAAAAAGTATTGTTTGTGTATTTTGACTTTTGCCTCTTCCCAAGAGGGAAAAAGAGAAAAGAAAATAAAGTAGAAAGTAAGAATACTCCAATGTGTGTAAAAATGAATGTAGAGAAAGAAAGTCAAACAACATAGCAGACGGCCACCGCGCACTTAAGCGCAGGCAGACACCCCCACCACATCTCCCCTCTCCCAAAACACTATTTTCGTTTCTTTAATGATCCT
yH746.ITSwhole_oH2593_P1	ref|NR_136973.1|	83.077	54	4.27e-123	440	Nakaseomyces bracarensis CBS 10154 ITS region; from TYPE material	43	477	673	246	CTCTCCCCAAAGGAATTAGCATCCCACAACAAACTTAAAAT--CGA-GTCGGTAAAACCTAATAACGATTTACTTCTCATTGCGGAACTCCCAATGAAAATTAAAAC----AGAGACCCACTGCGT-TGTGCAACACT----GGCCAACAATTTCAAGTTAACTCAAC--GAGTATCACTCACTACCAAACAAAAACTAACGTAGTTATTTGAGAAGGAAATGACGCTCAAACAGGCATGCCCCCTGGAATACCAGAGGGCGCAATGTGCGTTCAAAGATTCGATGATTCACGGAATTCTGCAATTCACATTACGTATCGCATTTCGCTGCGTTCTTCATCGATGCGAGAACCAAGAGATCCATTGTTGAAAGTTTTAAAGTTATATTTTTTCTCAACAAAAAGAAAAATT-AGTTTTGACAA--TTT---AATATAAAAAAGTATTGTTTGTGT	CTCTATCCAAAGGAATTAGCATCCCACAACAAA---AAAATACCGAAGTTGGTAAAACCTAATA-CGATAT---TCCCATTGCGAAACTCCCAATGAAAAATAAGACCCACAAAGCAAGACTCCAAATGTCCC-CACTATATGGCCAACAATTTCAAGCTAACTCAATAAGAGTATCACTCACTACCAAACACA----------GGTGTTTGAGAAGGAAATGACGCTCAAACAGGCATGCCCCCTGGAATACCAGAGGGCGCAATGTGCGTTCAAAGATTCGATGATTCACGGAATTCTGCAATTCACATTACGTATCGCATTTCGCTGCGTTCTTCATCGATGCGAGAACCAAGAGATCCATTGTTGAAAGTTTTGAAGTTA----TTTTCTC----GTAAGAGAAATTAAGTTCTGACAAAGTTTGTAAATAT-AAAAATAATTGTTTGTGT
yH748.ITSwhole_oH2593_P1	ref|NR_136973.1|	100.000	88	0.0	1274	Nakaseomyces bracarensis CBS 10154 ITS region; from TYPE material	1	706	706	1	GTGGTCACAAGATTGGACTCACCATACACAGATCTCTATCCAAAGGAATTAGCATCCCACAACAAAAAAATACCGAAGTTGGTAAAACCTAATACGATATTCCCATTGCGAAACTCCCAATGAAAAATAAGACCCACAAAGCAAGACTCCAAATGTCCCCACTATATGGCCAACAATTTCAAGCTAACTCAATAAGAGTATCACTCACTACCAAACACAGGTGTTTGAGAAGGAAATGACGCTCAAACAGGCATGCCCCCTGGAATACCAGAGGGCGCAATGTGCGTTCAAAGATTCGATGATTCACGGAATTCTGCAATTCACATTACGTATCGCATTTCGCTGCGTTCTTCATCGATGCGAGAACCAAGAGATCCATTGTTGAAAGTTTTGAAGTTATTTTCTCGTAAGAGAAATTAAGTTCTGACAAAGTTTGTAAATATAAAAATAATTGTTTGTGTTTGCTTCTCCCGGGAGACTTACCGTCCCCCAAAGAAAAATAGAAAGAACAATAGATTACTCCACTGTGTGTAGTGTTGTGGAAAACGGTACGCTCGAAAACATGCTCCTTGAAAGTAGAACAACCCGCACAGACAAAACCCAGGCCGCGCACTTAAGCGCAGGCTCAGACTCATCCATCCTCAATTGTTCCAGAGACACGCCTCTCACAGTACCACCCCCATTAACATTTTTCTTTAATGATCCT	GTGGTCACAAGATTGGACTCACCATACACAGATCTCTATCCAAAGGAATTAGCATCCCACAACAAAAAAATACCGAAGTTGGTAAAACCTAATACGATATTCCCATTGCGAAACTCCCAATGAAAAATAAGACCCACAAAGCAAGACTCCAAATGTCCCCACTATATGGCCAACAATTTCAAGCTAACTCAATAAGAGTATCACTCACTACCAAACACAGGTGTTTGAGAAGGAAATGACGCTCAAACAGGCATGCCCCCTGGAATACCAGAGGGCGCAATGTGCGTTCAAAGATTCGATGATTCACGGAATTCTGCAATTCACATTACGTATCGCATTTCGCTGCGTTCTTCATCGATGCGAGAACCAAGAGATCCATTGTTGAAAGTTTTGAAGTTATTTTCTCGTAAGAGAAATTAAGTTCTGACAAAGTTTGTAAATATAAAAATAATTGTTTGTGTTTGCTTCTCCCGGGAGACTTACCGTCCCCCAAAGAAAAATAGAAAGAACAATAGATTACTCCACTGTGTGTAGTGTTGTGGAAAACGGTACGCTCGAAAACATGCTCCTTGAAAGTAGAACAACCCGCACAGACAAAACCCAGGCCGCGCACTTAAGCGCAGGCTCAGACTCATCCATCCTCAATTGTTCCAGAGACACGCCTCTCACAGTACCACCCCCATTAACATTTTTCTTTAATGATCCT
yH748.ITSwhole_oH2593_P1	ref|NR_077073.1|	84.375	58	8.23e-145	512	Nakaseomyces nivariensis CBS 9983 ITS region; from TYPE material	74	539	620	164	CGAAGTTGGTAAAACCTAATACGATATTCCCATTGCGAAACTCCCAATGAAAAATAAGA-CCCACAAAGCAAGACTCCAAATGTCCCCACTATATGGCCAACAATTTCAAGCTAACTCAATAAGAGTATCACTCACTACCAAACACAGGTGTTTGAGAAGGAAATGACGCTCAAACAGGCATGCCCCCTGGAATACCAGAGGGCGCAATGTGCGTTCAAAGATTCGATGATTCACGGAATTCTGCAATTCACATTACGTATCGCATTTCGCTGCGTTCTTCATCGATGCGAGAACCAAGAGATCCATTGTTGAAAGTTTTGAAGTTATTTTCTCGTAAGAGAAATTAAGTTCTGACAAAGTTTGTAAATATAAAAATAATTGTTTGTGTTTGCTTCTCCCGGGAGACTTA-------CCGTCCCCCAAAGAAAAATAGAAAGAACAAT------AGATTACTCCACTGTGTGTAGTGTTG	CGAAGTTGGTAAAACCTAATACGACTTTCTCATTGCAAAACTTCCAATGAAAAAAAACAGCCCACCATGCACG----------TCCGCATAAAATGGCCAACAATTTCAAGCTAACTCCAGCAGAGTATCACTCACCACCAAACG-AGACGTTTGAGAAGGAAATGACGCTCAAACAGGCATGCCCCCCGGAATACCAGAGGGCGCAATGTGCGTTCAAAGATTCGATGATTCACGGAATTCTGCAATTCACATTACGTATCGCATTTCGCTGCGTTCTTCATCGATGCGAGAACCAAGAGATCCATTGTTGAAAGTTTTGAAGTTA-TTTCTCAACAGAG-AATTTGGTTTTGACAAAGT---AGAATAT-AAAATAATTGTTTGTGTTTGCTTCTCCCGGGACGCCCAAAAAGAGCTGT--CCCAAAGAAAA----TAAGAACAATAAAGTAAGATTACTCCACTGTGTGTAAAGTTG
yH807.ITSwhole_oH2593_P1	ref|NR_130691.1|	99.077	81	0.0	1140	Nakaseomyces glabratus NRRL Y-65 ITS region; from TYPE material	1	650	647	1	AGCACGCACAGAACACTCACTTTATCCCTCCCTAGATCAACACCGAGTTGGTAAAACCTAATACAGTATTAACCCCCGCCGCTCGCGCAAACGAGCAGCAGATTAATAGAGAAGCTTGCGCTCGTGTCCCACATACTGATATGGCCTACAATTTCAAGTTAACTCAAAAACGAGAGTATCACTCACTACCAAACACAATGTGTTTGAGAAGGAAATGACGCTCAAACAGGCATGCCCCCCGGAATACCAGAGGGCGCAATGTGCGTTCAAAGATTCGATGATTCACGGAATTCTGCAATTCACATTACGTATCGCATTTCGCTGCGTTCTTCATCGATGCGAGAACCAAGAGATCCATTGTTGAAAGTTTTGAAGTTGTTTTCTACTAAAAGAAATCTTGTGTTGACTGAATTAGTTTAAAAAAATATTTGTTTGTGTTTGCATCCACTGGGAGAACTCCCTCCCGAAAGAGAGCTTTCCCCCAACGAACAAAAGAATAGTAGTAAAGTAAACTCCACTGTGTGTAGTAATTAGAAAGTGTCGAGTCGTGTGATAAAACACCTCCTTTGGAATAGAGAGATCCACGCACACTCCCAGGTCTTTGTCGGCTCCCTCCCCCCACTGCAGAACACCCACCAACCGCGCACTTA	AGCACGCACAAAACACTCACTT-ATCCCTCCCTAGATCAACACCGAGTTGGTAAAACCTAATACAGTATTAACCCCCGCCGCTCGCGCAAACGAGCAGCAGATTAATAGAGAAGCTTGCGCTCGTGTCCCACATACTGATATGGCCTACAATTTCAAGTTAACTCAAAAACGAG--TATCACTCACTACCAAACACAATGTGTTTGAGAAGGAAATGACGCTCAAACAGGCATGCCCCCCGGAATACCAGAGGGCGCAATGTGCGTTCAAAGATTCGATGATTCACGGAATTCTGCAATTCACATTACGTATCGCATTTCGCTGCGTTCTTCATCGATGCGAGAACCAAGAGATCCATTGTTGAAAGTTTTGAAGTTGTTTTCTACTAAAAGAAATCTTGTGTTGACTGAATTAGTTTAAAAAAATATTTGTTTGTGTTTGCATCCACTGGGAGAACTCCCCCCCGAAAGAGAGCGTTCCCCCAACGAACAAAAGAATAGTAGTAAAGTAAACTCCACTGTGTGTAGTAATTAGAAAGTGTCGAGTCGTGTGATAAAACACCTCCTTTGGAATAGAGAGATCCACGCACACTCCCAGGTCTTTGTCGGCTCCCTCCCCCCACTGCAGAACACCCACCAACCGCGCACTTA
yH807.ITSwhole_oH2593_P1	ref|NR_136973.1|	84.949	49	1.81e-121	434	Nakaseomyces bracarensis CBS 10154 ITS region; from TYPE material	139	528	543	172	ATATGGCCTACAATTTCAAGTTAACTCAAAAACGAGAGTATCACTCACTACCAAACACAATGTGTTTGAGAAGGAAATGACGCTCAAACAGGCATGCCCCCCGGAATACCAGAGGGCGCAATGTGCGTTCAAAGATTCGATGATTCACGGAATTCTGCAATTCACATTACGTATCGCATTTCGCTGCGTTCTTCATCGATGCGAGAACCAAGAGATCCATTGTTGAAAGTTTTGAAGTTGTTTTCTACTAAAAGAAATCTTGTGTTGACTGAATTAGT--TTAAAAAAATATTTGTTTGTGTTTGCATCCACTGGGAGAACTCCCTCCCGAAAGAGAGCTTTCCCCCAACGAACAAAAGAATAGTAGTAAAGTAAACTCCACTGTGTGTAGT	ATATGGCCAACAATTTCAAGCTAACTCAATAA---GAGTATCACTCACTACCAAACACAG-GTGTTTGAGAAGGAAATGACGCTCAAACAGGCATGCCCCCTGGAATACCAGAGGGCGCAATGTGCGTTCAAAGATTCGATGATTCACGGAATTCTGCAATTCACATTACGTATCGCATTTCGCTGCGTTCTTCATCGATGCGAGAACCAAGAGATCCATTGTTGAAAGTTTTGAAGTTATTTTCTCGTAAGAGAAATTAAGTTCTGACAAAGTTTGTAAATATAAAAATAATTGTTTGTGTTTGCTTCTCCCGGGAGA----CTTACCG-----------TCCCCCAAAGAAAAATAGAA-AGAACAATAGATTACTCCACTGTGTGTAGT
