1073.ITSwhole2_oH2593_P1	ref|NR_166044.1|	99.371	79	0.0	1119	Kluyveromyces lactis CBS 683 ITS region; from TYPE material	1	633	711	76	GCCGTATGCCTCA-GGAGACAAACACCAGCGAGTCTTTATAACACCTATA-GCTCATTGACCCTAGCTTACCACGAATTGGCGCAAACCTAAGACGTAGATGTGCAAGAGTCGAGTCCATAGACTTGACACGCAGCCCTGCTCACGCAGAAGGCAACGGCTAGCCACTTTCAAGTTAACCCGAAAAACGAGTATCACTCACTACCAAACCCAAAGGTTTGAGAGAGAAATGACGCTCAAACAGGCATGCCCCCTGGAATACCAGAGGGCGCAATGTGCGTTCAAAGATTTGATGATTCACGAAAATCTGCAATTCACAATACATATCGCAATTCGCTGCGTTCTTCATCGATGCGAGAACCAAGAGATCCGTTGTTGAAAGTTTTGAATATTAAATTTCTTGATAAATAGTTTTTCATAATGCAAAATGTTGTTTGTGTTTATGTCCACTGGAGAGACGAGCTCTCCAGGGAAGTAGTTCATAGAGAAAAAACTCCATTGTGTTTAGGATGAGAGAAAGAAAACTGATAGCAGAGAATCAAGAATTAGCCGCGCAATTAAGCGCAGGCCATATTCAGCGATTCCCCCAGTAATCTACTCATTCATAATCTTTAATGATCCTTCCGCAGG-TCACCT	GCCGTATGCCTCAAGGAGACAAACACCAGCGAGTCTTTATAACACCTATAAGCTCATTGACCCTAGCTTACCACGAATTGGCGCAAACCTAAGACGTAGATGTGCAAGAGTCGAGTCCATAGACTTGACACGCAGCCCTGCTCACGCAGAAGGCAACGGCTAGCCACTTTCAAGTTAACCCGAAAAACGAGTATCACTCACTACCAAACCCAAAGGTTTGAGAGAGAAATGACGCTCAAACAGGCATGCCCCCTGGAATACCAGAGGGCGCAATGTGCGTTCAAAGATTTGATGATTCACGAAAATCTGCAATTCACAATACATATCGCAATTCGCTGCGTTCTTCATCGATGCGAGAACCAAGAGATCCGTTGTTGAAAGTTTTGAATATTAAATTTCTTGATAAATAGTTTTTCATAATGCAAAATGTTGTTTGTGTTTATGTCCACTGGAGAGACGAGCTCTCCAGGGAAGTAGTTCATAGAGAAAAAACTCCATTGTGTTTAGGATGAGAGAAAGAAAACTGATAGCAGAAAATCAAGAATTAGCCGCGCAATTAAGCGCAGGCCATATTCAGCGATTCCCCCAGTAATCTACTCATTCATAATCTTTAATGATCCTTCCGCAGGTTCACCT
1073.ITSwhole2_oH2593_P1	ref|NR_138156.1|	96.399	76	0.0	986	Kluyveromyces dobzhanskii IFO 10603 ITS region; from TYPE material	3	609	610	1	CGTATGCCTCA-GGAGACAAACACCAGCGAGTCTTTATAACACCTATA-GCTCATTGACCCTAGCTTACCACGAATTGGCGCAAACCTAAGACGTAGATGTGCAAGAGTCGAGTCCATAGACTTGACACGCAGCCCTGCTCACGCAGAAGGCAACGGCTAGCCACTTTCAAGTTAACCCGAAAAACGAGTATCACTCACTACCAAACCCAAAGGTTTGAGAGAGAAATGACGCTCAAACAGGCATGCCCCCTGGAATACCAGAGGGCGCAATGTGCGTTCAAAGATTTGATGATTCACGAAAATCTGCAATTCACAATACATATCGCAATTCGCTGCGTTCTTCATCGATGCGAGAACCAAGAGATCCGTTGTTGAAAGTTTTGAATATTAAATTTCTTGATA-AATAGTTTTTCATAATGCAAAATGTTGTTTGTGTTTATGTCCACTGGAGAGACGAGCTCTCCAGGGAAGTAGTTCATAGAGAAAAAACTCCATTGTGTTTAGGATGAGAG-AAAGAAAACTGATAGCAGAGAATCAAGAATTAGCCGCGCAATTAAGCGCAGGCCATATTCAGCGATTCCCCCAGTAATCTACTCATTCATAATCTT	CGTATGNCTCAAGGAGACAAACACCAGCGAGTCTTTATAACACCTATAAGCTCTTTGACCCAAGCTTACCACGAATTGGCGCAAACCTAAGACGTAGATGTGCAAGAGTCGAGTCCATAGACTTGACACGCAGCCCTGCTCACGCAGAAGGCAACGGCTAGCCACTTTCAAGTTAACCCGGAAA-CGAGTATCACTCACTACCAAACCCAAAGGTTTGAGAGAGAAATGACGCTCAAACAGGCATGCCCCCTGGAATACCAGAGGGCGCAATGTGCGTTCAAAGATTTGATGATTCACGAAAATCTGCAATTCACAATACATATCGCAATTCGCTGCGTTCTTCATCGATGCGAGAACCAAGAGATCCGTTGTTGAAAGTTTTAAATATTAAATTTATTGGTATAATAGTTTTTCATAATGCAAAATATTGTTTGTGTTTATGTCCACTGGAAAGACGAGCTTTCCAGGGAAGTAGTTCATAGAGAAAAAACTCCATTGTGTTTAGGATGAGAGAAAAGAAAACTGATAGCAGAGAATCATGAACTGGCCGCGCAATTAAGCGCAGGCCTCGTTCAGCAATTCCCCCAGTAATCTACTCATTCATAATCTT
1074.ITSwhole2_oH2593_P1	ref|NR_166044.1|	99.377	80	0.0	1137	Kluyveromyces lactis CBS 683 ITS region; from TYPE material	1	641	711	70	GCCGTATGCCTCA-GGAGACAAACACCAGCGAGTCTTTATAACACCTATAAGCTCATTGACCCTAGCTTACCACGAATTGGCGCAAACCTAAGACGTAGATGTGCAAGAGTCGAGTCCATAGACTTGACACGCAGCCCTGCTCACGCAGAAGGCAACGGCTAGCCACTTTCAAGTTAACCCGAAAAACGAGTATCACTCACTACCAAACCCAAAGGTTTGAGAGAGAAATGACGCTCAAACAGGCATGCCCCCTGGAATACCAGAGGGCGCAATGTGCGTTCAAAGATTTGATGATTCACGAAAATCTGCAATTCACAATACATATCGCAATTCGCTGCGTTCTTCATCGATGCGAGAACCAAGAGATCCGTTGTTGAAAGTTTTGAATATTAAATTTCTTGATAAATAGTTTTTCATAATGCAAAATGTTGTTTGTGTTTATGTCCACTGGAGAGACGAGCTCTCCAGGGAAGTAGTTCATAGAGAAAAAACTCCATTGTGTTTAGGATGAGAGAAAGAAAACTGATAGCAGAAAATCAAGAATTAGCCGCGCAATTAAGCGCAGGCCATATTCAGCGATTCCCCCAGTAATCTACTCATTCATAATCTTTAATGATCCTTCCGCAGGTCACCCTACGGAA	GCCGTATGCCTCAAGGAGACAAACACCAGCGAGTCTTTATAACACCTATAAGCTCATTGACCCTAGCTTACCACGAATTGGCGCAAACCTAAGACGTAGATGTGCAAGAGTCGAGTCCATAGACTTGACACGCAGCCCTGCTCACGCAGAAGGCAACGGCTAGCCACTTTCAAGTTAACCCGAAAAACGAGTATCACTCACTACCAAACCCAAAGGTTTGAGAGAGAAATGACGCTCAAACAGGCATGCCCCCTGGAATACCAGAGGGCGCAATGTGCGTTCAAAGATTTGATGATTCACGAAAATCTGCAATTCACAATACATATCGCAATTCGCTGCGTTCTTCATCGATGCGAGAACCAAGAGATCCGTTGTTGAAAGTTTTGAATATTAAATTTCTTGATAAATAGTTTTTCATAATGCAAAATGTTGTTTGTGTTTATGTCCACTGGAGAGACGAGCTCTCCAGGGAAGTAGTTCATAGAGAAAAAACTCCATTGTGTTTAGGATGAGAGAAAGAAAACTGATAGCAGAAAATCAAGAATTAGCCGCGCAATTAAGCGCAGGCCATATTCAGCGATTCCCCCAGTAATCTACTCATTCATAATCTTTAATGATCCTTCCGCAGGTTCACCTACGGAA
1074.ITSwhole2_oH2593_P1	ref|NR_138156.1|	96.399	76	0.0	990	Kluyveromyces dobzhanskii IFO 10603 ITS region; from TYPE material	3	610	610	1	CGTATGCCTCA-GGAGACAAACACCAGCGAGTCTTTATAACACCTATAAGCTCATTGACCCTAGCTTACCACGAATTGGCGCAAACCTAAGACGTAGATGTGCAAGAGTCGAGTCCATAGACTTGACACGCAGCCCTGCTCACGCAGAAGGCAACGGCTAGCCACTTTCAAGTTAACCCGAAAAACGAGTATCACTCACTACCAAACCCAAAGGTTTGAGAGAGAAATGACGCTCAAACAGGCATGCCCCCTGGAATACCAGAGGGCGCAATGTGCGTTCAAAGATTTGATGATTCACGAAAATCTGCAATTCACAATACATATCGCAATTCGCTGCGTTCTTCATCGATGCGAGAACCAAGAGATCCGTTGTTGAAAGTTTTGAATATTAAATTTCTTGATA-AATAGTTTTTCATAATGCAAAATGTTGTTTGTGTTTATGTCCACTGGAGAGACGAGCTCTCCAGGGAAGTAGTTCATAGAGAAAAAACTCCATTGTGTTTAGGATGAGAG-AAAGAAAACTGATAGCAGAAAATCAAGAATTAGCCGCGCAATTAAGCGCAGGCCATATTCAGCGATTCCCCCAGTAATCTACTCATTCATAATCTT	CGTATGNCTCAAGGAGACAAACACCAGCGAGTCTTTATAACACCTATAAGCTCTTTGACCCAAGCTTACCACGAATTGGCGCAAACCTAAGACGTAGATGTGCAAGAGTCGAGTCCATAGACTTGACACGCAGCCCTGCTCACGCAGAAGGCAACGGCTAGCCACTTTCAAGTTAACCCGGAAA-CGAGTATCACTCACTACCAAACCCAAAGGTTTGAGAGAGAAATGACGCTCAAACAGGCATGCCCCCTGGAATACCAGAGGGCGCAATGTGCGTTCAAAGATTTGATGATTCACGAAAATCTGCAATTCACAATACATATCGCAATTCGCTGCGTTCTTCATCGATGCGAGAACCAAGAGATCCGTTGTTGAAAGTTTTAAATATTAAATTTATTGGTATAATAGTTTTTCATAATGCAAAATATTGTTTGTGTTTATGTCCACTGGAAAGACGAGCTTTCCAGGGAAGTAGTTCATAGAGAAAAAACTCCATTGTGTTTAGGATGAGAGAAAAGAAAACTGATAGCAGAGAATCATGAACTGGCCGCGCAATTAAGCGCAGGCCTCGTTCAGCAATTCCCCCAGTAATCTACTCATTCATAATCTT
1086.ITSwhole2_oH2593_P1	ref|NR_145364.1|	87.500	10	1.9	31.0	Eremomyces bilateralis CBS 781.70 ITS region; from TYPE material	30	53	474	497	GGAGGACGCTTTACCGAAATACCA	GGAGGACGCTTTGCCGAACCACCA
1086.ITSwhole2_oH2593_P1	ref|NR_135335.1|	86.957	10	6.7	29.2	Aspergillus vitricola NRRL 5125 ITS region; from TYPE material	2	24	184	206	AGTCTGAGTTTACATTAACAAAA	AGTCTGAGTTTTCATAAAGAAAA
yH104.ITSwhole_oH2593_P1	ref|NR_130691.1|	100.000	81	0.0	1166	Nakaseomyces glabratus NRRL Y-65 ITS region; from TYPE material	1	646	646	1	GCACGCACAAAACACTCACTTATCCCTCCCTAGATCAACACCGAGTTGGTAAAACCTAATACAGTATTAACCCCCGCCGCTCGCGCAAACGAGCAGCAGATTAATAGAGAAGCTTGCGCTCGTGTCCCACATACTGATATGGCCTACAATTTCAAGTTAACTCAAAAACGAGTATCACTCACTACCAAACACAATGTGTTTGAGAAGGAAATGACGCTCAAACAGGCATGCCCCCCGGAATACCAGAGGGCGCAATGTGCGTTCAAAGATTCGATGATTCACGGAATTCTGCAATTCACATTACGTATCGCATTTCGCTGCGTTCTTCATCGATGCGAGAACCAAGAGATCCATTGTTGAAAGTTTTGAAGTTGTTTTCTACTAAAAGAAATCTTGTGTTGACTGAATTAGTTTAAAAAAATATTTGTTTGTGTTTGCATCCACTGGGAGAACTCCCCCCCGAAAGAGAGCGTTCCCCCAACGAACAAAAGAATAGTAGTAAAGTAAACTCCACTGTGTGTAGTAATTAGAAAGTGTCGAGTCGTGTGATAAAACACCTCCTTTGGAATAGAGAGATCCACGCACACTCCCAGGTCTTTGTCGGCTCCCTCCCCCCACTGCAGAACACCCACCAACCGCGCACTTA	GCACGCACAAAACACTCACTTATCCCTCCCTAGATCAACACCGAGTTGGTAAAACCTAATACAGTATTAACCCCCGCCGCTCGCGCAAACGAGCAGCAGATTAATAGAGAAGCTTGCGCTCGTGTCCCACATACTGATATGGCCTACAATTTCAAGTTAACTCAAAAACGAGTATCACTCACTACCAAACACAATGTGTTTGAGAAGGAAATGACGCTCAAACAGGCATGCCCCCCGGAATACCAGAGGGCGCAATGTGCGTTCAAAGATTCGATGATTCACGGAATTCTGCAATTCACATTACGTATCGCATTTCGCTGCGTTCTTCATCGATGCGAGAACCAAGAGATCCATTGTTGAAAGTTTTGAAGTTGTTTTCTACTAAAAGAAATCTTGTGTTGACTGAATTAGTTTAAAAAAATATTTGTTTGTGTTTGCATCCACTGGGAGAACTCCCCCCCGAAAGAGAGCGTTCCCCCAACGAACAAAAGAATAGTAGTAAAGTAAACTCCACTGTGTGTAGTAATTAGAAAGTGTCGAGTCGTGTGATAAAACACCTCCTTTGGAATAGAGAGATCCACGCACACTCCCAGGTCTTTGTCGGCTCCCTCCCCCCACTGCAGAACACCCACCAACCGCGCACTTA
yH104.ITSwhole_oH2593_P1	ref|NR_136973.1|	89.552	41	1.81e-121	434	Nakaseomyces bracarensis CBS 10154 ITS region; from TYPE material	137	467	543	211	ATATGGCCTACAATTTCAAGTTAACTCAAAAACGAGTATCACTCACTACCAAACACAATGTGTTTGAGAAGGAAATGACGCTCAAACAGGCATGCCCCCCGGAATACCAGAGGGCGCAATGTGCGTTCAAAGATTCGATGATTCACGGAATTCTGCAATTCACATTACGTATCGCATTTCGCTGCGTTCTTCATCGATGCGAGAACCAAGAGATCCATTGTTGAAAGTTTTGAAGTTGTTTTCTACTAAAAGAAATCTTGTGTTGACTGAATTAGT--TTAAAAAAATATTTGTTTGTGTTTGCATCCACTGGGAGAACTCCC--CCCCGAAAGA	ATATGGCCAACAATTTCAAGCTAACTCAATAA-GAGTATCACTCACTACCAAACACAG-GTGTTTGAGAAGGAAATGACGCTCAAACAGGCATGCCCCCTGGAATACCAGAGGGCGCAATGTGCGTTCAAAGATTCGATGATTCACGGAATTCTGCAATTCACATTACGTATCGCATTTCGCTGCGTTCTTCATCGATGCGAGAACCAAGAGATCCATTGTTGAAAGTTTTGAAGTTATTTTCTCGTAAGAGAAATTAAGTTCTGACAAAGTTTGTAAATATAAAAATAATTGTTTGTGTTTGCTTCTCCCGGGAGACTTACCGTCCCCCAAAGA
yH1067.ITSwhole_oH2593_P1	ref|NR_164380.1|	92.500	44	1.97e-113	407	Komagataella pastoris CBS 704 ITS region; from TYPE material	1	278	347	76	ATTAGTCATCCTTTGTAAACTAGACCACGAGTGTGAGAATTGACTCACCCCACCCTCCCTGTATGCAATGTGCGTTCGAAAATTGATGGTTCACGGCGGCTTCCAGGACGTATCGCGGATCGCTGCGTTCTTCATCGTCGCGAGAGCCAAGAGATCCGTTGGGAGGAGATTTAATAATTAGTAAATCG--TGTATGTGTATTAACCTATAATTTATACTCAGTGTGTTTTGGCTACTGCTTGCGCCGCATTTTTGTATGATCCTTCCGCACGTTCACCTA	ATTAGTCATCCTTTGTAAACTAGACCACGAGTGTGAGAATTGACTCACCCCACCCTCCCTGTATGCAATGTGCGTTCGAAAATTGATGGTTCACGGCGGCTTCCAGGACGTATCGCGGATCGCTGCGTTCTTCATCGTCGCGAGAGCCAAGAGATCCGTTGGGAGGAGATTTA------GATAAATCGGTTGTATGTGTATTAGCCTAGAAGTTATACTCAGTGTG--TTGGCTACGGCTTGCTCCCCACTTTTGTATGATCCTTCCTCACGTTCGCCTA
yH1067.ITSwhole_oH2593_P1	ref|NR_164378.1|	89.474	39	2.25e-87	320	Komagataella phaffii NRRL Y-7556 ITS region; from TYPE material	1	245	253	9	ATTAGTCATCCTTTGTAAACTAGACCACGAGTGTGAGAATTGACTCACCCCACCCTCCCTGTATGCAATGTGCGTTCGAAAATTGATGGTTCACGGCGGCTTCCAGGACGTATCGCGGATCGCTGCGTTCTTCATCGTCGCGAGAGCCAAGAGATCCGTTGGGAGGAGATTTAATAATTAGTAAATCGTGTATGTGTATTAACCTATAATTTATACTCAGTGTGT--TTTGGCTACTGCTTGCGCCG	ATTAGTCATCCTTTGTATT-TAAACCACGATAGTGAGAGTAGACTCACCCCACCCTCCCTGTATGCAATGTGCGTTCGAAAATTGATGGTTCACGGCGGCTTCCAGGACGTATCGCGGATCGCTGCGTTCTTCATCGTCGCGAGAGCCAAGAGATCCGTTGGGAGGAGATTTAGTAATCTGT-GTTTGTGTATGTGTATTANCCTAGAAGTTATACTCAGTGTGTAAGTGCGCTCCGGCTAGCGCCG
yH181.ITSwhole2_oH2593_P1	ref|NR_130691.1|	98.622	82	0.0	1134	Nakaseomyces glabratus NRRL Y-65 ITS region; from TYPE material	1	653	647	1	AGCACGCACAAAACACTCACTTATCCCTCCCTAGATCAACACCGAGTTGGTAAAACCTAATACAGTATTAACCCCCGCCGCTCGCGCAAACGAGCAGCAGATTAATAGAGAAGCTTGCGCTCGTGTCCCACATACTGATATGGCCTACAATTTCAAGTTAACTCAAAAACGAGAGTATCACTCACTACCAAACACAACGTGTTTGAGAAGGAAATGACGCTCAAACAGGCATGCCCCCCGGAATACCAGAGGGCGCAATGTGCGTTCAAAGATTCGATGATTCACGGAATTCTGCAATTCACATTACGTATCGCATTTCGCTGCGTTCTTCATCGATGCGAGAACCAAGAGATCCATTGTTGAAAGTTTTGAAGTTGTTTTCTACTAAAAGAAATCTTGTGTTGACTGAATTAGTTAAAATAAAAAAATATTTGTTTGTGTTTGCATCCACTGGGAGAACTCCCTCCCGAAAGAGAGCTTTCCCCCAACGAACAAAAGAATAGTAGTAAAGTAAACTCCACTGTGTGTAGTAATTAGAAAGTGTCGAGTCGTGTGATAAAACACCTCCTTTGGAATAGAGAGATCCACGCACACTCCCAGGTCTTTGTCGGCTCCCTCCCCCCACTGCAGAACACCCACCAACCGCGCACTTA	AGCACGCACAAAACACTCACTTATCCCTCCCTAGATCAACACCGAGTTGGTAAAACCTAATACAGTATTAACCCCCGCCGCTCGCGCAAACGAGCAGCAGATTAATAGAGAAGCTTGCGCTCGTGTCCCACATACTGATATGGCCTACAATTTCAAGTTAACTCAAAAACGAG--TATCACTCACTACCAAACACAATGTGTTTGAGAAGGAAATGACGCTCAAACAGGCATGCCCCCCGGAATACCAGAGGGCGCAATGTGCGTTCAAAGATTCGATGATTCACGGAATTCTGCAATTCACATTACGTATCGCATTTCGCTGCGTTCTTCATCGATGCGAGAACCAAGAGATCCATTGTTGAAAGTTTTGAAGTTGTTTTCTACTAAAAGAAATCTTGTGTTGACTGAATTAGTT----TAAAAAAATATTTGTTTGTGTTTGCATCCACTGGGAGAACTCCCCCCCGAAAGAGAGCGTTCCCCCAACGAACAAAAGAATAGTAGTAAAGTAAACTCCACTGTGTGTAGTAATTAGAAAGTGTCGAGTCGTGTGATAAAACACCTCCTTTGGAATAGAGAGATCCACGCACACTCCCAGGTCTTTGTCGGCTCCCTCCCCCCACTGCAGAACACCCACCAACCGCGCACTTA
yH181.ITSwhole2_oH2593_P1	ref|NR_136973.1|	85.279	49	3.50e-124	443	Nakaseomyces bracarensis CBS 10154 ITS region; from TYPE material	138	531	543	172	ATATGGCCTACAATTTCAAGTTAACTCAAAAACGAGAGTATCACTCACTACCAAACACAACGTGTTTGAGAAGGAAATGACGCTCAAACAGGCATGCCCCCCGGAATACCAGAGGGCGCAATGTGCGTTCAAAGATTCGATGATTCACGGAATTCTGCAATTCACATTACGTATCGCATTTCGCTGCGTTCTTCATCGATGCGAGAACCAAGAGATCCATTGTTGAAAGTTTTGAAGTTGTTTTCTACTAAAAGAAATCTTGTGTTGACTGAATTAGTTAAAATAAAAAAATATTTGTTTGTGTTTGCATCCACTGGGAGAACTCCCTCCCGAAAGAGAGCTTTCCCCCAACGAACAAAAGAATAGTAGTAAAGTAAACTCCACTGTGTGTAGT	ATATGGCCAACAATTTCAAGCTAACTCAATAA---GAGTATCACTCACTACCAAACACAG-GTGTTTGAGAAGGAAATGACGCTCAAACAGGCATGCCCCCTGGAATACCAGAGGGCGCAATGTGCGTTCAAAGATTCGATGATTCACGGAATTCTGCAATTCACATTACGTATCGCATTTCGCTGCGTTCTTCATCGATGCGAGAACCAAGAGATCCATTGTTGAAAGTTTTGAAGTTATTTTCTCGTAAGAGAAATTAAGTTCTGACAAAGTTTGT--AAATATAAAAATAATTGTTTGTGTTTGCTTCTCCCGGGAGA----CTTACCG-----------TCCCCCAAAGAAAAATAGAA-AGAACAATAGATTACTCCACTGTGTGTAGT
yH248.ITSwhole2_oH2593_P1	ref|NR_130691.1|	100.000	81	0.0	1169	Nakaseomyces glabratus NRRL Y-65 ITS region; from TYPE material	1	648	648	1	CAGCACGCACAAAACACTCACTTATCCCTCCCTAGATCAACACCGAGTTGGTAAAACCTAATACAGTATTAACCCCCGCCGCTCGCGCAAACGAGCAGCAGATTAATAGAGAAGCTTGCGCTCGTGTCCCACATACTGATATGGCCTACAATTTCAAGTTAACTCAAAAACGAGTATCACTCACTACCAAACACAATGTGTTTGAGAAGGAAATGACGCTCAAACAGGCATGCCCCCCGGAATACCAGAGGGCGCAATGTGCGTTCAAAGATTCGATGATTCACGGAATTCTGCAATTCACATTACGTATCGCATTTCGCTGCGTTCTTCATCGATGCGAGAACCAAGAGATCCATTGTTGAAAGTTTTGAAGTTGTTTTCTACTAAAAGAAATCTTGTGTTGACTGAATTAGTTTAAAAAAATATTTGTTTGTGTTTGCATCCACTGGGAGAACTCCCCCCCGAAAGAGAGCGTTCCCCCAACGAACAAAAGAATAGTAGTAAAGTAAACTCCACTGTGTGTAGTAATTAGAAAGTGTCGAGTCGTGTGATAAAACACCTCCTTTGGAATAGAGAGATCCACGCACACTCCCAGGTCTTTGTCGGCTCCCTCCCCCCACTGCAGAACACCCACCAACCGCGCACTTA	CAGCACGCACAAAACACTCACTTATCCCTCCCTAGATCAACACCGAGTTGGTAAAACCTAATACAGTATTAACCCCCGCCGCTCGCGCAAACGAGCAGCAGATTAATAGAGAAGCTTGCGCTCGTGTCCCACATACTGATATGGCCTACAATTTCAAGTTAACTCAAAAACGAGTATCACTCACTACCAAACACAATGTGTTTGAGAAGGAAATGACGCTCAAACAGGCATGCCCCCCGGAATACCAGAGGGCGCAATGTGCGTTCAAAGATTCGATGATTCACGGAATTCTGCAATTCACATTACGTATCGCATTTCGCTGCGTTCTTCATCGATGCGAGAACCAAGAGATCCATTGTTGAAAGTTTTGAAGTTGTTTTCTACTAAAAGAAATCTTGTGTTGACTGAATTAGTTTAAAAAAATATTTGTTTGTGTTTGCATCCACTGGGAGAACTCCCCCCCGAAAGAGAGCGTTCCCCCAACGAACAAAAGAATAGTAGTAAAGTAAACTCCACTGTGTGTAGTAATTAGAAAGTGTCGAGTCGTGTGATAAAACACCTCCTTTGGAATAGAGAGATCCACGCACACTCCCAGGTCTTTGTCGGCTCCCTCCCCCCACTGCAGAACACCCACCAACCGCGCACTTA
yH248.ITSwhole2_oH2593_P1	ref|NR_136973.1|	89.552	41	1.81e-121	434	Nakaseomyces bracarensis CBS 10154 ITS region; from TYPE material	139	469	543	211	ATATGGCCTACAATTTCAAGTTAACTCAAAAACGAGTATCACTCACTACCAAACACAATGTGTTTGAGAAGGAAATGACGCTCAAACAGGCATGCCCCCCGGAATACCAGAGGGCGCAATGTGCGTTCAAAGATTCGATGATTCACGGAATTCTGCAATTCACATTACGTATCGCATTTCGCTGCGTTCTTCATCGATGCGAGAACCAAGAGATCCATTGTTGAAAGTTTTGAAGTTGTTTTCTACTAAAAGAAATCTTGTGTTGACTGAATTAGT--TTAAAAAAATATTTGTTTGTGTTTGCATCCACTGGGAGAACTCCC--CCCCGAAAGA	ATATGGCCAACAATTTCAAGCTAACTCAATAA-GAGTATCACTCACTACCAAACACAG-GTGTTTGAGAAGGAAATGACGCTCAAACAGGCATGCCCCCTGGAATACCAGAGGGCGCAATGTGCGTTCAAAGATTCGATGATTCACGGAATTCTGCAATTCACATTACGTATCGCATTTCGCTGCGTTCTTCATCGATGCGAGAACCAAGAGATCCATTGTTGAAAGTTTTGAAGTTATTTTCTCGTAAGAGAAATTAAGTTCTGACAAAGTTTGTAAATATAAAAATAATTGTTTGTGTTTGCTTCTCCCGGGAGACTTACCGTCCCCCAAAGA
yH790.ITSwhole_oH2593_P1	ref|NR_130691.1|	99.386	81	0.0	1154	Nakaseomyces glabratus NRRL Y-65 ITS region; from TYPE material	1	651	649	1	CCAGCACGCACAAAACACTCACTTATCCCTCCCTAGATCAACACCGAGTTGGTAAAACCTAATACAGTATTAACCCCCGCCGCTCGCGCAAACGAGCAGCAGATTAATAGAGAAGCTTGCGCTCGTGTCCCACATACTGATATGGCCTACAATTTCAAGTTAACTCAAAAACGAGAGTATCACTCACTACCAAACACAACGTGTTTGAGAAGGAAATGACGCTCAAACAGGCATGCCCCCCGGAATACCAGAGGGCGCAATGTGCGTTCAAAGATTCGATGATTCACGGAATTCTGCAATTCACATTACGTATCGCATTTCGCTGCGTTCTTCATCGATGCGAGAACCAAGAGATCCATTGTTGAAAGTTTTGAAGTTGTTTTCTACTAAAAGAAATCTTGTGTTGACTGAATTAGTTTAAAAAAATATTTGTTTGTGTTTGCATCCACTGGGAGAACTCCCTCCCGAAAGAGAGCGTTCCCCCAACGAACAAAAGAATAGTAGTAAAGTAAACTCCACTGTGTGTAGTAATTAGAAAGTGTCGAGTCGTGTGATAAAACACCTCCTTTGGAATAGAGAGATCCACGCACACTCCCAGGTCTTTGTCGGCTCCCTCCCCCCACTGCAGAACACCCACCAACCGCGCACTTA	CCAGCACGCACAAAACACTCACTTATCCCTCCCTAGATCAACACCGAGTTGGTAAAACCTAATACAGTATTAACCCCCGCCGCTCGCGCAAACGAGCAGCAGATTAATAGAGAAGCTTGCGCTCGTGTCCCACATACTGATATGGCCTACAATTTCAAGTTAACTCAAAAACGAG--TATCACTCACTACCAAACACAATGTGTTTGAGAAGGAAATGACGCTCAAACAGGCATGCCCCCCGGAATACCAGAGGGCGCAATGTGCGTTCAAAGATTCGATGATTCACGGAATTCTGCAATTCACATTACGTATCGCATTTCGCTGCGTTCTTCATCGATGCGAGAACCAAGAGATCCATTGTTGAAAGTTTTGAAGTTGTTTTCTACTAAAAGAAATCTTGTGTTGACTGAATTAGTTTAAAAAAATATTTGTTTGTGTTTGCATCCACTGGGAGAACTCCCCCCCGAAAGAGAGCGTTCCCCCAACGAACAAAAGAATAGTAGTAAAGTAAACTCCACTGTGTGTAGTAATTAGAAAGTGTCGAGTCGTGTGATAAAACACCTCCTTTGGAATAGAGAGATCCACGCACACTCCCAGGTCTTTGTCGGCTCCCTCCCCCCACTGCAGAACACCCACCAACCGCGCACTTA
yH790.ITSwhole_oH2593_P1	ref|NR_136973.1|	84.949	49	1.81e-121	434	Nakaseomyces bracarensis CBS 10154 ITS region; from TYPE material	140	529	543	172	ATATGGCCTACAATTTCAAGTTAACTCAAAAACGAGAGTATCACTCACTACCAAACACAACGTGTTTGAGAAGGAAATGACGCTCAAACAGGCATGCCCCCCGGAATACCAGAGGGCGCAATGTGCGTTCAAAGATTCGATGATTCACGGAATTCTGCAATTCACATTACGTATCGCATTTCGCTGCGTTCTTCATCGATGCGAGAACCAAGAGATCCATTGTTGAAAGTTTTGAAGTTGTTTTCTACTAAAAGAAATCTTGTGTTGACTGAATTAGT--TTAAAAAAATATTTGTTTGTGTTTGCATCCACTGGGAGAACTCCCTCCCGAAAGAGAGCGTTCCCCCAACGAACAAAAGAATAGTAGTAAAGTAAACTCCACTGTGTGTAGT	ATATGGCCAACAATTTCAAGCTAACTCAATAA---GAGTATCACTCACTACCAAACACAG-GTGTTTGAGAAGGAAATGACGCTCAAACAGGCATGCCCCCTGGAATACCAGAGGGCGCAATGTGCGTTCAAAGATTCGATGATTCACGGAATTCTGCAATTCACATTACGTATCGCATTTCGCTGCGTTCTTCATCGATGCGAGAACCAAGAGATCCATTGTTGAAAGTTTTGAAGTTATTTTCTCGTAAGAGAAATTAAGTTCTGACAAAGTTTGTAAATATAAAAATAATTGTTTGTGTTTGCTTCTCCCGGGAGA----CTTACCG-----------TCCCCCAAAGAAAAATAGAA-AGAACAATAGATTACTCCACTGTGTGTAGT
yH797.ITSwhole_oH2593_P1	ref|NR_130691.1|	98.630	82	0.0	1141	Nakaseomyces glabratus NRRL Y-65 ITS region; from TYPE material	1	657	651	1	GCCCAGCACGCACAAAACACTCACTTATCCCTCCCTAGATCAACACCGAGTTGGTAAAACCTAATACAGTATTAACCCCCGCCGCTCGCGCAAACGAGCAGCAGATTAATAGAGAAGCTTGCGCTCGTGTCCCACATACTGATATGGCCTACAATTTCAAGTTAACTCAAAAACGAGAGTATCACTCACTACCAAACACAACGTGTTTGAGAAGGAAATGACGCTCAAACAGGCATGCCCCCCGGAATACCAGAGGGCGCAATGTGCGTTCAAAGATTCGATGATTCACGGAATTCTGCAATTCACATTACGTATCGCATTTCGCTGCGTTCTTCATCGATGCGAGAACCAAGAGATCCATTGTTGAAAGTTTTGAAGTTGTTTTCTACTAAAAGAAATCTTGTGTTGACTGAATTAGTTAAAATAAAAAAATATTTGTTTGTGTTTGCATCCACTGGGAGAACTCCCTCCCGAAAGAGAGCTTTCCCCCAACGAACAAAAGAATAGTAGTAAAGTAAACTCCACTGTGTGTAGTAATTAGAAAGTGTCGAGTCGTGTGATAAAACACCTCCTTTGGAATAGAGAGATCCACGCACACTCCCAGGTCTTTGTCGGCTCCCTCCCCCCACTGCAGAACACCCACCAACCGCGCACTTA	GCCCAGCACGCACAAAACACTCACTTATCCCTCCCTAGATCAACACCGAGTTGGTAAAACCTAATACAGTATTAACCCCCGCCGCTCGCGCAAACGAGCAGCAGATTAATAGAGAAGCTTGCGCTCGTGTCCCACATACTGATATGGCCTACAATTTCAAGTTAACTCAAAAACGAG--TATCACTCACTACCAAACACAATGTGTTTGAGAAGGAAATGACGCTCAAACAGGCATGCCCCCCGGAATACCAGAGGGCGCAATGTGCGTTCAAAGATTCGATGATTCACGGAATTCTGCAATTCACATTACGTATCGCATTTCGCTGCGTTCTTCATCGATGCGAGAACCAAGAGATCCATTGTTGAAAGTTTTGAAGTTGTTTTCTACTAAAAGAAATCTTGTGTTGACTGAATTAGTT----TAAAAAAATATTTGTTTGTGTTTGCATCCACTGGGAGAACTCCCCCCCGAAAGAGAGCGTTCCCCCAACGAACAAAAGAATAGTAGTAAAGTAAACTCCACTGTGTGTAGTAATTAGAAAGTGTCGAGTCGTGTGATAAAACACCTCCTTTGGAATAGAGAGATCCACGCACACTCCCAGGTCTTTGTCGGCTCCCTCCCCCCACTGCAGAACACCCACCAACCGCGCACTTA
yH797.ITSwhole_oH2593_P1	ref|NR_136973.1|	85.279	49	3.50e-124	443	Nakaseomyces bracarensis CBS 10154 ITS region; from TYPE material	142	535	543	172	ATATGGCCTACAATTTCAAGTTAACTCAAAAACGAGAGTATCACTCACTACCAAACACAACGTGTTTGAGAAGGAAATGACGCTCAAACAGGCATGCCCCCCGGAATACCAGAGGGCGCAATGTGCGTTCAAAGATTCGATGATTCACGGAATTCTGCAATTCACATTACGTATCGCATTTCGCTGCGTTCTTCATCGATGCGAGAACCAAGAGATCCATTGTTGAAAGTTTTGAAGTTGTTTTCTACTAAAAGAAATCTTGTGTTGACTGAATTAGTTAAAATAAAAAAATATTTGTTTGTGTTTGCATCCACTGGGAGAACTCCCTCCCGAAAGAGAGCTTTCCCCCAACGAACAAAAGAATAGTAGTAAAGTAAACTCCACTGTGTGTAGT	ATATGGCCAACAATTTCAAGCTAACTCAATAA---GAGTATCACTCACTACCAAACACAG-GTGTTTGAGAAGGAAATGACGCTCAAACAGGCATGCCCCCTGGAATACCAGAGGGCGCAATGTGCGTTCAAAGATTCGATGATTCACGGAATTCTGCAATTCACATTACGTATCGCATTTCGCTGCGTTCTTCATCGATGCGAGAACCAAGAGATCCATTGTTGAAAGTTTTGAAGTTATTTTCTCGTAAGAGAAATTAAGTTCTGACAAAGTTTGT--AAATATAAAAATAATTGTTTGTGTTTGCTTCTCCCGGGAGA----CTTACCG-----------TCCCCCAAAGAAAAATAGAA-AGAACAATAGATTACTCCACTGTGTGTAGT
